loss,val_loss,learning_rate
0.00877198576927185,0.005419810302555561,0.0010000000474974513
0.006838909350335598,0.0048890733160078526,0.0010000000474974513
